{
  "incumbent_ids": [
    3
  ],
  "rejected_config_ids": [
    2,
    1,
    4,
    5
  ],
  "incumbents_changed": 2,
  "trajectory": [
    {
      "config_ids": [
        1
      ],
      "costs": [
        54.82218801551768
      ],
      "trial": 1,
      "walltime": 0.06182861328125
    },
    {
      "config_ids": [
        3
      ],
      "costs": [
        7.63395894253463
      ],
      "trial": 3,
      "walltime": 0.6850264072418213
    }
  ],
  "state": {
    "queue": [
      [
        5,
        1
      ]
    ]
  }
}