{
  "stats": {
    "submitted": 5,
    "finished": 5,
    "running": 0
  },
  "data": [
    [
      1,
      null,
      209652396,
      null,
      54.82218801551768,
      0.057849884033203125,
      1,
      1719398584.234242,
      1719398584.2930834,
      {}
    ],
    [
      2,
      null,
      209652396,
      null,
      10000.0,
      0.0009970664978027344,
      1,
      1719398584.6461325,
      1719398584.6471295,
      {}
    ],
    [
      3,
      null,
      209652396,
      null,
      7.63395894253463,
      0.26273274421691895,
      1,
      1719398584.6515465,
      1719398584.9152765,
      {}
    ],
    [
      4,
      null,
      209652396,
      null,
      10000.0,
      0.0,
      1,
      1719398584.921292,
      1719398584.9222624,
      {}
    ],
    [
      5,
      null,
      209652396,
      null,
      10000.0,
      0.0,
      1,
      1719398584.9272451,
      1719398584.9272451,
      {}
    ]
  ],
  "configs": {
    "1": {
      "Models": "Arima",
      "d": 2,
      "p": 0,
      "q": 0
    },
    "2": {
      "Models": "Sarima",
      "d": 3,
      "p": 3,
      "q": 1,
      "sd": 2,
      "sp": 2,
      "sq": 1
    },
    "3": {
      "Models": "Arima",
      "d": 1,
      "p": 1,
      "q": 2
    },
    "4": {
      "Models": "Sarima",
      "d": 0,
      "p": 1,
      "q": 1,
      "sd": 3,
      "sp": 2,
      "sq": 2
    },
    "5": {
      "Models": "Sarima",
      "d": 2,
      "p": 2,
      "q": 2,
      "sd": 0,
      "sp": 0,
      "sq": 0
    }
  },
  "config_origins": {
    "1": "Initial Design: Sobol",
    "2": "Acquisition Function Maximizer: Local Search",
    "3": "Acquisition Function Maximizer: Local Search",
    "4": "Acquisition Function Maximizer: Local Search",
    "5": "Acquisition Function Maximizer: Local Search"
  }
}